activation,train_accuracy,val_accuracy,training_time
relu,0.7360913157463074,0.6406844258308411,16.044278621673584
tanh,0.6357584595680237,0.6235741376876831,21.945216417312622
sigmoid,0.2662862539291382,0.26615968346595764,11.049299955368042
elu,0.2662862539291382,0.26615968346595764,10.951838493347168
selu,0.407988578081131,0.3859315514564514,9.199058294296265
swish,0.7223014831542969,0.7072243094444275,18.66288995742798
