activation,train_accuracy,val_accuracy,training_time
relu,0.9974076747894287,0.9689119458198547,21.268240928649902
tanh,0.5294880270957947,0.5414507985115051,9.83790397644043
sigmoid,0.3629293441772461,0.36269429326057434,15.294580698013306
elu,0.9449124932289124,0.9378238320350647,14.58438491821289
selu,0.3629293441772461,0.36269429326057434,24.937037229537964
swish,0.9961114525794983,0.9740932583808899,24.27118706703186
